时间,PE-TTM市值加权值,PE 温度,PB,PB温度,指数温度
2010/4/9,23.3387,,2.9827,,
2010/4/16,22.8622,23.97500611,2.963,23.97500611,23.97500611
2010/4/23,20.3276,12.6701666,2.7795,12.50242755,12.58629707
2010/4/30,17.8493,10.02598521,2.6072,9.993225063,10.00960513
2010/5/7,16.4878,11.04633312,2.4233,8.461869568,9.754101345
2010/5/14,16.7166,17.17046664,2.4579,15.88938948,16.52992806
2010/5/21,16.1371,16.68597221,2.3733,13.49560895,15.09079058
2010/5/28,16.4296,21.72945352,2.4371,22.15258051,21.94101701
2010/6/4,15.8187,18.84743394,2.3594,16.92271628,17.88507511
2010/6/11,15.8394,21.10510388,2.364,19.63359871,20.3693513
2010/6/18,15.5865,20.60438042,2.3303,18.24230118,19.4233408
2010/6/25,15.8671,24.86663762,2.3778,25.15641569,25.01152665
2010/7/2,15.0399,18.31824099,2.2472,13.448625,15.883433
2010/7/9,15.5683,24.92437248,2.3466,25.44855977,25.18646613
2010/7/16,15.2598,22.71401189,2.3022,21.17663333,21.94532261
2010/7/23,16.177,34.69731153,2.4452,42.64763267,38.6724721
2010/7/30,16.3666,37.78767032,2.4721,47.40776663,42.59771848
2010/8/6,16.3641,38.09789527,2.4739,47.79386557,42.94588042
2010/8/13,15.9464,32.37888792,2.4161,37.55973145,34.96930969
2010/8/20,16.0045,33.70076209,2.4417,42.49926706,38.10001457
2010/8/27,15.2176,23.39590108,2.36,28.30654596,25.85122352
2010/9/3,15.0799,22.46560914,2.3784,31.9789935,27.22230132
2010/9/10,15.0944,23.41264096,2.381,32.87522565,28.14393331
2010/9/17,14.7091,19.4693505,2.332,24.90543349,22.187392
2010/9/21,14.7134,20.33969831,2.3325,25.60499056,22.97234443
2010/9/30,15.0599,25.52898843,2.3875,36.14985573,30.83942208
2010/10/8,15.5815,33.87369382,2.4702,53.70363318,43.7886635
2010/10/15,17.2481,63.07605143,2.7157,91.53564403,77.30584773
2010/10/22,17.2578,63.00529664,2.7107,90.0381095,76.52170307
2010/10/29,16.389,47.04004919,2.5723,70.19587062,58.61795991
2010/11/5,16.9737,57.98239664,2.6321,79.70906808,68.84573236
2010/11/12,16.2393,43.94371757,2.5042,55.22083621,49.58227689
2010/11/19,15.6566,33.29356416,2.4137,35.77865819,34.53611117
2010/11/26,15.4993,30.81655732,2.3787,29.0994352,29.95799626
2010/12/3,15.4254,29.85369669,2.3678,27.40652198,28.63010934
2010/12/10,15.4497,30.598367,2.3685,27.91146401,29.2549155
2010/12/17,15.6781,35.0688717,2.3991,34.38611833,34.72749501
2010/12/24,15.4487,31.02735219,2.3612,27.00186499,29.01460859
2010/12/31,15.3364,29.28220689,2.341,23.64172728,26.46196708
2011/1/7,15.7037,36.51448954,2.4341,43.5582512,40.03637037
2011/1/14,15.5347,33.37656464,2.4073,37.475465,35.42601482
2011/1/21,15.0896,25.45329818,2.3377,23.28066936,24.36698377
2011/1/28,15.2859,29.30692861,2.367,29.39344907,29.35018884
2011/2/1,15.5227,34.15789837,2.4038,37.80048465,35.97919151
2011/2/11,15.6323,36.58968834,2.4207,41.96170973,39.27569903
2011/2/18,16.0335,45.40965838,2.478,56.24161728,50.82563783
2011/2/25,15.8526,41.44813685,2.4499,49.12209437,45.28511561
2011/3/4,16.1808,48.93434832,2.5011,61.97784445,55.45609639
2011/3/11,16.0439,45.8053396,2.4833,57.41504848,51.61019404
2011/3/18,15.6064,35.99208474,2.4408,46.33984648,41.16596561
2011/3/25,15.9781,44.56462998,2.4881,58.72230989,51.64346994
2011/4/1,15.3498,30.60163071,2.422,41.24793354,35.92478213
2011/4/8,15.6365,37.04848213,2.4665,53.17538793,45.11193503
2011/4/15,15.6792,38.1510886,2.4786,56.39377612,47.27243236
2011/4/22,15.3623,31.18298705,2.4244,41.62870438,36.40584571
2011/4/29,14.333,13.45834544,2.2753,11.08140456,12.269875
2011/5/6,13.926,9.292140358,2.2157,5.659695314,7.475917836
2011/5/13,13.9283,9.840454374,2.2168,6.300101237,8.070277805
2011/5/20,13.9003,10.06063165,2.2138,6.597667737,8.329149691
2011/5/27,13.3018,5.578306526,2.1188,2.043179083,3.810742805
2011/6/3,13.3683,6.565783585,2.1395,3.287956292,4.926869938
2011/6/10,13.2593,6.300281759,2.136,3.616320999,4.958301379
2011/6/17,13.0209,5.260162415,2.1239,3.535690569,4.397926492
2011/6/24,13.5249,9.654188718,2.2298,12.72453428,11.1893615
2011/7/1,13.6838,11.7452184,2.2677,18.51305403,15.12913622
2011/7/8,13.8174,13.72105979,2.288,22.27677028,17.99891503
2011/7/15,13.8755,14.84307868,2.2989,24.55638301,19.69973085
2011/7/22,13.6333,12.29401142,2.261,18.16928824,15.23164983
2011/7/29,13.3181,9.467713417,2.2096,11.44628688,10.45700015
2011/8/5,12.9331,6.761087928,2.1391,5.556309788,6.158698858
2011/8/12,12.7396,5.90908861,2.1115,4.357368596,5.133228603
2011/8/19,12.3174,4.054330489,2.0478,2.192547618,3.123439053
2011/8/26,12.3746,4.765990585,2.0585,2.935331231,3.850660908
2011/9/2,11.9447,3.277486829,1.9837,1.311094582,2.294290706
2011/9/9,11.8241,3.231040384,1.9627,1.245282582,2.238161483
2011/9/16,11.7403,3.319276027,1.9548,1.406341735,2.362808881
2011/9/23,11.4985,2.875704074,1.9164,1.081132344,1.978418209
2011/9/30,11.2497,2.500264743,1.875,0.827585894,1.663925318
2011/10/14,11.5925,4.054163459,1.9321,2.051658541,3.052911
2011/10/21,11.1128,2.754272839,1.8532,1.003477676,1.878875257
2011/10/28,11.6182,5.067654889,1.9267,2.736161976,3.901908432
2011/11/4,11.7251,6.005683542,1.9401,3.516702367,4.761192954
2011/11/11,11.4884,5.179188991,1.9014,2.691868769,3.93552888
2011/11/18,11.1805,4.204742357,1.8504,1.84969673,3.027219544
2011/11/25,11.0295,3.983804864,1.8253,1.688407941,2.836106402
2011/12/2,11.0231,4.321546819,1.8206,1.898033705,3.109790262
2011/12/9,10.8686,4.081358621,1.7945,1.723813085,2.902585853
2011/12/16,10.5046,3.1959625,1.7345,1.142690048,2.169326274
2011/12/23,10.4348,3.318533769,1.7231,1.251330144,2.284931957
2011/12/30,10.4483,3.698967737,1.7202,1.467747943,2.58335784
2012/1/6,10.4306,3.977052381,1.7252,1.812050979,2.89455168
2012/1/13,10.8057,5.862615388,1.7863,3.434021987,4.648318688
2012/1/20,11.1835,8.262765458,1.8484,5.927932857,7.095349158
2012/2/3,11.1977,8.682349275,1.85,6.337459986,7.509904631
2012/2/10,11.2585,9.40437712,1.86,7.137879935,8.271128528
2012/2/17,11.238,9.581451637,1.8566,7.302063091,8.441757364
2012/2/24,11.6148,12.73845491,1.9162,11.06557771,11.90201631
2012/3/2,11.7068,13.80474215,1.9298,12.30109633,13.05291924
2012/3/9,11.5497,12.7277861,1.9027,10.73214552,11.72996581
2012/3/16,11.3798,11.63622487,1.8752,9.331774065,10.48399947
2012/3/23,11.1325,10.09298579,1.8221,6.872859564,8.482922677
2012/3/30,10.9288,9.020577258,1.7282,3.756142753,6.388360005
2012/4/6,11.0818,10.34888792,1.7501,4.733025258,7.540956586
2012/4/13,11.3097,12.35230516,1.7833,6.289492424,9.320898793
2012/4/20,11.5105,14.31220724,1.8092,7.768647911,11.04042757
2012/4/27,11.5291,14.72187525,1.7716,6.362960319,10.54241778
2012/5/4,11.6503,16.08847328,1.7737,6.750238097,11.41935569
2012/5/11,11.3505,13.59057429,1.7281,5.252432312,9.421503299
2012/5/18,11.0712,11.57493704,1.6863,4.195162349,7.885049696
2012/5/25,11.0448,11.63177499,1.6827,4.372549973,8.00216248
2012/6/1,11.2091,13.20069053,1.7131,5.669516813,9.435103673
2012/6/8,10.8143,10.41038989,1.6612,4.258293927,7.334341911
2012/6/15,10.9094,11.36061527,1.6995,5.791825728,8.5762205
2012/6/21,10.7102,10.18273384,1.6758,5.237905783,7.710319811
2012/6/29,10.5377,9.294138484,1.6616,5.045095816,7.16961715
2012/7/6,10.683,10.5315576,1.6857,6.165034674,8.348296137
2012/7/13,10.5309,9.74676208,1.6635,5.630801178,7.688781629
2012/7/20,10.422,9.29496075,1.6495,5.420579703,7.357770226
2012/7/27,10.2342,8.401594882,1.6201,4.751422908,6.576508895
2012/8/3,10.3065,9.096873484,1.6288,5.287727781,7.192300633
2012/8/10,10.4164,10.05744564,1.647,6.180029905,8.118737771
2012/8/17,10.1525,8.637686917,1.6008,4.901412901,6.769549909
2012/8/24,10.0653,8.37679625,1.5619,4.06985919,6.22332772
2012/8/31,9.8053,7.207863623,1.4897,2.733886542,4.970875082
2012/9/7,10.1553,9.458796109,1.5415,4.100781786,6.779788947
2012/9/14,10.1296,9.536782565,1.5377,4.2499208,6.893351683
2012/9/21,9.6872,7.254839189,1.4754,3.075325663,5.165082426
2012/9/28,10.0284,9.43198199,1.5276,4.523217798,6.977599894
2012/10/12,10.1156,10.22401213,1.5409,5.143128017,7.683570074
2012/10/19,10.2192,11.15458534,1.5557,5.847735552,8.501160447
2012/10/26,9.9054,9.320408817,1.5034,4.550769131,6.935588974
2012/11/2,10.1678,11.27199493,1.4902,4.443783087,7.857889009
2012/11/9,9.9673,10.13610118,1.4608,3.95782189,7.046961536
2012/11/16,9.7225,8.850881277,1.4236,3.377810573,6.114345925
2012/11/23,9.7657,9.335116604,1.4299,3.734571593,6.534844099
2012/11/30,9.6205,8.701892233,1.4086,3.507674428,6.104783331
2012/12/7,10.0031,11.35271787,1.4646,5.075638668,8.214178267
2012/12/14,10.4482,14.98465847,1.5295,7.390255984,11.18745723
2012/12/21,10.4459,15.14564504,1.5287,7.587118807,11.36638192
2012/12/28,10.8219,18.75715817,1.5836,10.10669844,14.4319283
2013/1/4,10.9612,20.30322352,1.6279,12.53636015,16.41979183
2013/1/11,10.7962,18.78821133,1.5989,11.22660993,15.00741063
2013/1/18,11.1051,22.1220678,1.6447,13.89066117,18.00636448
2013/1/25,11.0148,21.28106468,1.6311,13.29858247,17.28982357
2013/2/1,11.6893,29.25079495,1.7299,19.85514304,24.552969
2013/2/8,11.7005,29.4753982,1.7315,20.1109513,24.79317475
2013/2/22,11.0511,21.90468948,1.6356,13.94151711,17.92310329
2013/3/1,11.2316,24.0405022,1.6628,15.76305832,19.90178026
2013/3/8,11.0097,21.68035627,1.63,13.9434937,17.81192499
2013/3/15,10.8613,20.2308598,1.6076,12.85580346,16.54333163
2013/3/22,11.066,22.5613026,1.6355,14.63395605,18.59762932
2013/3/29,10.5182,17.07277196,1.5323,9.471349756,13.27206086
2013/4/3,10.5003,17.05549074,1.526,9.39380437,13.22464756
2013/4/12,10.4035,16.31204461,1.5134,9.05095434,12.68149947
2013/4/19,10.5693,18.02311868,1.5373,10.30488981,14.16400424
2013/4/26,10.1613,14.4736867,1.4594,7.311898142,10.89279242
2013/5/3,10.173,14.73553997,1.4479,7.107303218,10.9214216
2013/5/10,10.337,16.33906165,1.4709,8.150168221,12.24461494
2013/5/17,10.4955,17.97718001,1.4919,9.191277546,13.58422878
2013/5/24,10.4718,17.8859941,1.4897,9.288575786,13.58728495
2013/5/31,10.4946,18.24538885,1.4937,9.648223578,13.94680621
2013/6/7,10.123,14.96449932,1.448,7.987287295,11.47589331
2013/6/14,9.8888,13.18886837,1.4166,7.055596392,10.12223238
2013/6/21,9.4079,9.91927185,1.3642,5.617045519,7.768158685
2013/6/28,9.047,7.964478543,1.3272,4.823520743,6.393999643
2013/7/5,9.1976,9.009383838,1.3698,6.19121116,7.600297499
2013/7/12,9.3454,10.10925702,1.3983,7.302857313,8.706057165
2013/7/19,9.0913,8.731247873,1.3614,6.295558858,7.513403365
2013/7/26,9.148,9.247794709,1.3724,6.829420186,8.038607447
2013/8/2,9.2162,9.846505149,1.3843,7.412710589,8.629607869
2013/8/9,9.2979,10.54861301,1.3975,8.064456226,9.306534616
2013/8/16,9.3708,11.21144621,1.4083,8.650043121,9.930744664
2013/8/23,9.2168,10.34635521,1.3862,8.004700257,9.175527734
2013/8/30,9.1411,10.0299286,1.3676,7.528353683,8.779141143
2013/9/6,9.2706,11.0503281,1.3854,8.343538875,9.696933489
2013/9/13,9.7229,14.61613498,1.4577,11.55411869,13.08512683
2013/9/18,9.5103,13.0705279,1.427,10.3294904,11.70000915
2013/9/27,9.3695,12.17302009,1.4065,9.631166998,10.90209354
2013/9/30,9.4118,12.63979319,1.4128,10.06165359,11.35072339
2013/10/11,9.5943,14.20881243,1.4399,11.42757278,12.81819261
2013/10/18,9.453,13.23824189,1.4186,10.62469198,11.93146694
2013/10/25,9.1745,11.35649329,1.3799,9.176157361,10.26632533
2013/11/1,9.0214,10.48804226,1.3464,8.086509985,9.287276125
2013/11/8,8.8307,9.455395031,1.3179,7.279531115,8.367463073
2013/11/15,8.9304,10.23537285,1.3328,7.955650726,9.095511788
2013/11/22,9.164,11.96755748,1.3676,9.423687191,10.69562233
2013/11/29,9.2266,12.57021419,1.3766,9.94961361,11.2599139
2013/12/6,9.3209,13.42583396,1.3906,10.70100263,12.06341829
2013/12/13,9.1045,11.96733747,1.3583,9.512166657,10.73975206
2013/12/20,8.7649,9.86661289,1.3174,8.136629529,9.001621209
2013/12/27,8.8691,10.6836375,1.3328,8.860495704,9.772066599
2014/1/3,8.7927,10.34384696,1.3206,8.567951595,9.455899279
2014/1/10,8.5199,8.858710242,1.2787,7.288025205,8.073367723
2014/1/17,8.4654,8.710385272,1.2705,7.187799667,7.949092469
2014/1/24,8.6214,9.775856983,1.2931,8.101542826,8.938699904
2014/1/30,8.493,9.168909655,1.2732,7.586516407,8.377713031
2014/2/7,8.509,9.416437297,1.2756,7.825698425,8.621067861
2014/2/14,8.7818,11.28343098,1.3165,9.46403534,10.37373316
2014/2/21,8.7518,11.22709124,1.3116,9.426285175,10.32668821
2014/2/28,8.5106,9.838815239,1.2755,8.253118785,9.045967012
2014/3/7,8.4605,9.686676687,1.2666,8.099807478,8.893242082
2014/3/14,8.2653,8.716163413,1.2374,7.29307408,8.004618747
2014/3/21,8.361,9.409247066,1.2569,8.087971225,8.748609145
2014/3/28,8.3285,9.368833061,1.2462,7.879991428,8.624412245
2014/4/4,8.3336,9.546116683,1.2495,8.143446795,8.844781739
2014/4/11,8.6522,11.7056058,1.293,9.88972743,10.79766661
2014/4/18,8.4722,10.66168294,1.2652,8.980059686,9.820871313
2014/4/25,8.2358,9.373517551,1.2266,7.79059217,8.582054861
2014/4/30,8.0978,8.744785785,1.1819,6.569378511,7.657082148
2014/5/9,8.0322,8.536623768,1.1728,6.461726904,7.499175336
2014/5/16,8.1007,9.056945666,1.183,6.906928123,7.981936895
2014/5/23,8.1305,9.36891832,1.1883,7.215458999,8.29218866
2014/5/30,8.1602,9.682489845,1.1923,7.487139784,8.584814814
2014/6/6,8.1174,9.573990331,1.1906,7.580424391,8.577207361
2014/6/13,8.2925,10.77133457,1.2164,8.579077217,9.675205893
2014/6/20,8.2187,10.44700121,1.2188,8.805371363,9.626186288
2014/6/27,8.2156,10.56332474,1.2272,9.247360887,9.905342812
2014/7/4,8.2963,11.20787102,1.2443,10.02801538,10.6179432
2014/7/11,8.1737,10.56498558,1.2378,9.914118904,10.23955224
2014/7/18,8.2248,11.01842279,1.2507,10.55400202,10.7862124
2014/7/25,8.5396,13.29168611,1.2992,12.76363138,13.02765874
2014/8/1,8.7989,15.39184299,1.3404,14.87371768,15.13278033
2014/8/8,8.7854,15.39429894,1.3382,14.87503505,15.13466699
2014/8/15,8.8527,16.05133689,1.3489,15.53852486,15.79493088
2014/8/22,8.8246,15.92713435,1.3396,15.16557945,15.5463569
2014/8/29,8.5903,14.18554145,1.3026,13.44908147,13.81731146
2014/9/5,8.9328,17.06655679,1.3572,16.33226356,16.69941018
2014/9/12,8.8829,16.74221005,1.3496,16.02874364,16.38547685
2014/9/19,8.8368,16.45576796,1.3453,15.90506768,16.18041782
2014/9/26,8.847,16.6441519,1.3477,16.137996,16.39107395
2014/9/30,8.8797,17.02353747,1.3527,16.51132632,16.76743189
2014/10/10,8.9085,17.37114484,1.3569,16.84264035,17.10689259
2014/10/17,8.8268,16.76737579,1.3437,16.22403373,16.49570476
2014/10/24,8.6379,15.31063615,1.3047,14.31395539,14.81229577
2014/10/31,8.9428,17.98827951,1.3078,14.57772533,16.28300242
2014/11/7,8.8918,17.63184905,1.3002,14.30787102,15.96986003
2014/11/14,9.2184,20.743095,1.348,16.91667082,18.82988291
2014/11/21,9.1595,20.25721033,1.3386,16.49915335,18.37818184
2014/11/28,10.0116,29.4466776,1.4629,24.25104939,26.8488635
2014/12/5,11.2935,45.92589667,1.6497,38.75098553,42.3384411
2014/12/12,11.185,44.46678992,1.6335,37.41575854,40.94127423
2014/12/19,12.1397,57.45236524,1.7805,50.17615776,53.8142615
2014/12/26,12.4684,61.79860745,1.8279,54.35156859,58.07508802
2014/12/31,12.9548,67.95744709,1.8998,60.58294975,64.27019842
2015/1/9,13.1481,70.25607395,1.9285,62.99070551,66.62338973
2015/1/16,13.604,75.4015008,1.9953,68.4170046,71.9092527
2015/1/23,13.379,72.83051099,1.9618,65.67495895,69.25273497
2015/1/30,12.7182,64.73044631,1.8666,57.54194963,61.13619797
2015/2/6,12.1262,56.84341111,1.7798,49.824136,53.33377356
2015/2/13,12.6722,64.10617883,1.8588,56.85614544,60.48116213
2015/2/17,12.8072,65.81224043,1.8795,58.66167668,62.23695856
2015/2/27,13.0356,68.64415349,1.9113,61.40701718,65.02558534
2015/3/6,12.5767,62.73444284,1.8442,55.49045962,59.11245123
2015/3/13,13.0946,69.31347474,1.9227,62.36519858,65.83933666
2015/3/20,13.9467,78.83464721,2.0351,71.51555981,75.17510351
2015/3/27,14.5074,83.97414677,2.0286,70.96419858,77.46917267
2015/4/3,15.0464,88.03753385,2.0922,75.64566867,81.84160126
2015/4/10,15.7324,92.05761229,2.1871,81.79919572,86.928404
2015/4/17,16.8262,96.22107599,2.3388,89.37934441,92.8002102
2015/4/24,16.9033,96.32022627,2.3497,89.71299607,93.01661117
2015/4/30,17.0525,96.60349043,2.2754,86.25730288,91.43039666
2015/5/8,16.1985,93.58737009,2.1618,79.7091488,86.64825944
2015/5/15,16.3034,93.90736386,2.1766,80.56666777,87.23701581
2015/5/22,17.2409,96.80651957,2.3011,87.28727106,92.04689532
2015/5/29,16.7887,95.41206673,2.2384,83.9856403,89.69885351
2015/6/5,18.2193,98.4227752,2.4339,92.36133401,95.39205461
2015/6/12,18.7854,98.96511729,2.5034,94.26005256,96.61258493
2015/6/19,16.7327,94.67521089,2.2294,82.99593555,88.83557322
2015/6/26,15.8883,90.74164128,2.1184,75.83559811,83.2886197
2015/7/3,14.6629,81.93328525,1.9751,64.64829701,73.29079113
2015/7/10,15.9704,91.02727465,2.1764,79.66338464,85.34532965
2015/7/17,15.8454,90.2225874,2.16,78.52609056,84.37433898
2015/7/24,15.8863,90.34535516,2.1692,79.06021999,84.70278757
2015/7/31,14.3779,78.74013793,1.9636,63.33625735,71.03819764
2015/8/7,14.5759,80.5269638,1.9933,65.81740283,73.17218331
2015/8/14,15.0789,84.71408129,2.0636,71.44138097,78.07773113
2015/8/21,13.2803,66.44177363,1.8217,50.57370688,58.50774025
2015/8/28,12.187,52.38894407,1.6716,37.14350074,44.76622241
2015/9/2,12.4473,55.82739497,1.7166,41.11421294,48.47080395
2015/9/11,12.1689,52.12712293,1.6775,37.68885625,44.90798959
2015/9/18,11.8771,48.22967819,1.6386,34.37732341,41.3035008
2015/9/25,11.7877,47.03943128,1.6276,33.48361056,40.26152092
2015/9/30,11.6167,44.76633551,1.6038,31.54770809,38.1570218
2015/10/9,12.0766,50.93237083,1.6673,36.94777394,43.94007239
2015/10/16,12.6909,59.10811473,1.7523,44.5678266,51.83797066
2015/10/23,12.7846,60.31555086,1.7648,45.72100893,53.01827989
2015/10/30,12.992,62.97269977,1.6885,38.82643944,50.89956961
2015/11/6,13.8438,73.19103256,1.7739,46.59866092,59.89484674
2015/11/13,13.6872,71.36675452,1.7544,44.8085997,58.08767711
2015/11/20,13.7881,72.4759069,1.7658,45.86834245,59.17212468
2015/11/27,13.0421,63.39967957,1.6696,37.15698418,50.27833188
2015/12/4,13.4755,68.76372095,1.7241,42.07713149,55.42042622
2015/12/11,13.1477,64.67412511,1.6823,38.3134256,51.49377535
2015/12/18,13.8082,72.60579854,1.7769,47.00111026,59.8034544
2015/12/25,13.9959,74.65092265,1.7989,49.06208214,61.85650239
2015/12/31,13.6748,70.96402092,1.7568,45.12963823,58.04682957
2016/1/8,12.5393,56.45962808,1.6065,31.71323115,44.08642961
2016/1/15,11.6212,43.94013394,1.4868,22.47370638,33.20692016
2016/1/22,11.6149,43.86508189,1.4838,22.32206134,33.09357161
2016/1/29,11.0072,35.82473657,1.4058,17.29001716,26.55737686
2016/2/5,10.9995,35.75118279,1.4033,17.21538683,26.48328481
2016/2/19,11.272,39.34077758,1.438,19.45809801,29.39943779
2016/2/26,10.968,35.38372279,1.399,17.09533288,26.23952783
2016/3/4,11.5758,43.48673942,1.4765,22.21274477,32.8497421
2016/3/11,11.312,39.93036122,1.443,19.98994691,29.96015406
2016/3/18,11.7317,45.65966221,1.502,24.18058366,34.92012293
2016/3/25,11.8752,47.65040632,1.5003,24.10834911,35.87937771
2016/4/1,11.9503,48.69672307,1.4865,23.15569565,35.92620936
2016/4/8,11.7833,46.37909883,1.465,21.68916548,34.03413216
2016/4/15,12.1388,51.33603443,1.4993,24.21044013,37.77323728
2016/4/22,11.793,46.50970938,1.4501,20.77179888,33.64075413
2016/4/29,11.9342,48.48616625,1.4162,18.60771995,33.5469431
2016/5/6,11.8376,47.13737298,1.3927,17.22006492,32.17871895
2016/5/13,11.6379,44.35639969,1.3685,15.86761755,30.11200862
2016/5/20,11.6494,44.5254947,1.3703,16.04800879,30.28675175
2016/5/27,11.6216,44.1469095,1.3669,15.92809964,30.03750457
2016/6/3,12.0567,50.26912197,1.4186,19.16279416,34.71595807
2016/6/8,11.997,49.42572,1.4116,18.77854903,34.10213452
2016/6/17,11.8593,47.48079617,1.4052,18.43859856,32.95969737
2016/6/24,11.7556,46.02079185,1.3992,18.12895875,32.0748753
2016/7/1,12.0068,49.58424596,1.4357,20.57345681,35.07885138
2016/7/8,12.1121,51.08102844,1.4643,22.62433954,36.85268399
2016/7/15,12.4465,55.81767562,1.5102,26.09762156,40.95764859
2016/7/22,12.2547,53.09247607,1.4886,24.49852476,38.79550042
2016/7/29,12.2057,52.38987387,1.4829,24.12259961,38.25623674
2016/8/5,12.2103,52.45185582,1.482,24.1058134,38.27883461
2016/8/12,12.5895,57.82833161,1.5261,27.55614492,42.69223827
2016/8/19,12.77,60.33628773,1.5477,29.34832923,44.84230848
2016/8/26,12.8244,61.07266223,1.5168,26.89211423,43.98238823
2016/9/2,13.1551,65.53877794,1.5138,26.69793792,46.11835793
2016/9/9,13.1495,65.43857393,1.512,26.59901953,46.01879673
2016/9/14,12.8233,60.97478829,1.4745,23.77424574,42.37451702
2016/9/23,12.9632,62.88560101,1.4917,25.1203616,44.0029813
2016/9/30,12.8724,61.61509784,1.482,24.42979144,43.02244464
2016/10/14,13.0648,64.23323995,1.504,26.16894911,45.20109453
2016/10/21,13.1544,65.41780951,1.514,27.00203117,46.20992034
2016/10/28,13.0777,64.35843439,1.4984,25.81465993,45.08654716
2016/11/4,12.9519,62.6134115,1.4524,22.40670128,42.51005639
2016/11/11,13.1971,65.9282983,1.4797,24.47937295,45.20383563
2016/11/18,13.1799,65.67189677,1.4778,24.38253568,45.02721623
2016/11/25,13.5947,71.03411037,1.5243,28.08809808,49.56110423
2016/12/2,13.6603,71.8133301,1.5317,28.73320011,50.27326511
2016/12/9,13.5736,70.69366376,1.5221,27.98239657,49.33803017
2016/12/16,12.9713,62.65305847,1.4901,25.47036595,44.06171221
2016/12/23,12.9116,61.80044493,1.4831,24.97235272,43.38639882
2016/12/30,12.9071,61.71932144,1.4814,24.8865196,43.30292052
2017/1/6,13.0775,64.07173032,1.505,26.78490473,45.42831753
2017/1/13,13.0275,63.3585613,1.4993,26.37072148,44.86464139
2017/1/20,13.1667,65.25395811,1.5127,27.48903846,46.37149829
2017/1/26,13.3281,67.40629782,1.5313,29.06034937,48.23332359
2017/2/3,13.2244,65.98447809,1.5194,28.10865226,47.04656518
2017/2/10,13.4025,68.34233045,1.5398,29.84986211,49.09609628
2017/2/17,13.4372,68.76936505,1.5452,30.34267393,49.55601949
2017/2/24,13.6265,71.18109015,1.5653,32.11544763,51.64826889
2017/3/3,13.4403,68.74088671,1.5423,30.15262106,49.44675389
2017/3/10,13.4057,68.25380226,1.5377,29.79287277,49.02333751
2017/3/17,13.4751,69.1399621,1.5447,30.42424308,49.78210259
2017/3/24,13.6064,70.81053504,1.5599,31.77540269,51.29296887
2017/3/31,13.5188,69.64461053,1.5386,29.95927568,49.8019431
2017/4/7,13.8141,73.35220811,1.5607,31.90962182,52.63091497
2017/4/14,13.6864,71.72242333,1.5464,30.68908224,51.20575278
2017/4/21,13.5577,70.03626583,1.5314,29.43167486,49.73397034
2017/4/28,13.039,62.94152006,1.5007,26.90614059,44.92383033
2017/5/5,12.6719,57.61730967,1.4559,23.41820354,40.5177566
2017/5/12,12.7831,59.23555607,1.4703,24.57119385,41.90337496
2017/5/19,12.7641,58.9448645,1.4688,24.49800008,41.72143229
2017/5/26,13.1311,64.20669294,1.5117,28.00206296,46.10437795
2017/6/2,13.1844,64.93323553,1.5178,28.54926352,46.74124953
2017/6/9,13.3683,67.44756684,1.5398,30.46763185,48.95759934
2017/6/16,13.2662,66.02003919,1.5451,30.96080844,48.49042382
2017/6/23,13.5859,70.30594498,1.5837,34.45355125,52.37974811
2017/6/30,13.7001,71.75238808,1.6037,36.32905184,54.04071996
2017/7/7,13.6959,71.66389672,1.608,36.7520426,54.20796966
2017/7/14,13.8745,73.87636041,1.6488,40.67034397,57.27335219
2017/7/21,14.006,75.43323896,1.6685,42.6052239,59.01923143
2017/7/28,14.0662,76.104622,1.6766,43.41204837,59.75833519
2017/8/4,14.05,75.869484,1.6771,43.47026963,59.66987682
2017/8/11,13.7901,72.64111322,1.6469,40.5159715,56.57854236
2017/8/18,14.0175,75.40770628,1.674,43.18938251,59.29854439
2017/8/25,14.3929,79.63884251,1.7145,47.23476091,63.43680171
2017/9/1,14.0857,76.11802906,1.7059,46.37633241,61.24718074
2017/9/8,14.1059,76.31275745,1.7079,46.58169871,61.44722808
2017/9/15,14.0409,75.49717417,1.7002,45.81334782,60.655261
2017/9/22,14.1383,76.60899498,1.711,46.90460223,61.7567986
2017/9/29,14.1339,76.51335501,1.7098,46.78770094,61.65052798
2017/10/13,14.3457,78.88163329,1.7355,49.38986546,64.13574937
2017/10/20,14.423,79.67656762,1.7453,50.38391359,65.03024061
2017/10/27,14.4222,79.61686534,1.7478,50.63711871,65.12699203
2017/11/3,14.1008,75.90987175,1.6693,42.70070653,59.30528914
2017/11/10,14.3216,78.42125643,1.6942,45.21401395,61.81763519
2017/11/17,14.3525,78.7185373,1.6979,45.59460252,62.15656991
2017/11/24,14.373,78.89775834,1.7003,45.84365074,62.37070454
2017/12/1,14.0253,74.7943827,1.6586,41.64485267,58.21961769
2017/12/8,14.0171,74.65475201,1.6574,41.53578635,58.09526918
2017/12/15,13.9681,74.01001067,1.652,41.00729521,57.50865294
2017/12/22,14.229,77.11596725,1.6828,44.12007968,60.61802346
2017/12/29,14.3035,77.92998118,1.686,44.45261912,61.19130015
2018/1/5,14.6563,81.69427227,1.7276,48.71681014,65.2055412
2018/1/12,14.949,84.4722352,1.7619,52.24626125,68.35924822
2018/1/19,15.4412,88.49634303,1.8199,58.16178065,73.32906184
2018/1/26,15.8618,91.26765759,1.8691,63.04099074,77.15432416
2018/2/2,15.6373,89.73988872,1.8409,60.23794129,74.988915
2018/2/9,14.0019,73.78224658,1.6482,40.51019092,57.14621875
2018/2/14,14.3366,77.75646956,1.6867,44.43397653,61.09522304
2018/2/23,14.7523,82.17344622,1.7356,49.49027013,65.83185818
2018/3/2,14.4325,78.73287363,1.6964,45.43357162,62.08322263
2018/3/9,14.6566,81.10105934,1.7226,48.1516784,64.62636887
2018/3/16,14.4159,78.44370858,1.6968,45.47946903,61.9615888
2018/3/23,13.8871,71.98367934,1.6439,40.07170618,56.02769276
2018/3/30,13.507,66.82203179,1.6084,36.54556481,51.6837983
2018/4/4,13.2823,63.59702997,1.5821,34.0089514,48.80299068
2018/4/13,13.3775,64.95096973,1.596,35.37366941,50.16231957
2018/4/20,12.9786,59.06619892,1.5495,30.97502741,45.02061316
2018/4/27,12.8416,56.98219119,1.5357,29.73665849,43.35942484
2018/5/4,12.7369,55.3741555,1.5203,28.38065896,41.87740723
2018/5/11,13.0856,60.65221185,1.5625,32.28146724,46.46683955
2018/5/18,13.1992,62.32558118,1.5765,33.63787705,47.98172912
2018/5/25,12.8329,56.79610315,1.5374,29.9908155,43.39345933
2018/6/1,12.6365,53.76437098,1.5146,27.96435335,40.86436217
2018/6/8,12.5945,53.10905242,1.5175,28.25345271,40.68125256
2018/6/15,12.7091,54.88079352,1.5528,31.51460679,43.19770016
2018/6/22,12.2511,47.74786473,1.5006,26.81532719,37.28159596
2018/6/29,11.9163,42.56716453,1.4621,23.60548102,33.08632278
2018/7/6,11.5157,36.54014059,1.4093,19.5675775,28.05385905
2018/7/13,11.8942,42.26084692,1.4698,24.33311391,33.29698042
2018/7/20,11.8756,41.98457075,1.4777,25.0305573,33.50756403
2018/7/27,12.0142,44.13388538,1.4965,26.67628759,35.40508648
2018/8/3,11.4595,35.7329975,1.4282,21.11492044,28.42395897
2018/8/10,11.7154,39.5748995,1.462,23.84166331,31.7082814
2018/8/17,11.1588,31.44074296,1.3941,18.67292043,25.05683169
2018/8/24,11.3927,34.80995391,1.4311,21.4718053,28.1408796
2018/8/31,11.1763,31.72622184,1.4148,20.27394077,26.0000813
2018/9/7,11.0172,29.54443393,1.3954,18.89756349,24.22099871
2018/9/14,10.9673,28.89421383,1.3903,18.58231187,23.73826285
2018/9/21,11.5532,37.30611449,1.4657,24.46227771,30.8841961
2018/9/28,11.6727,39.12796969,1.4803,25.7343801,32.43117489
2018/10/12,10.8753,27.69578412,1.3792,17.9029715,22.79937781
2018/10/19,10.7478,26.05777856,1.3627,16.82918968,21.44348412
2018/10/26,10.9178,28.33038275,1.3662,17.11722131,22.72380203
2018/11/2,11.0403,30.03074929,1.3485,15.9994473,23.0150983
2018/11/9,10.6312,24.6542138,1.2984,13.02608564,18.84014972
2018/11/16,10.8255,27.19289915,1.3223,14.48218306,20.83754111
2018/11/23,10.5021,23.1241305,1.2828,12.28037891,17.70225471
2018/11/30,10.5695,23.98891275,1.291,12.7916505,18.39028162
2018/12/7,10.6127,24.56446297,1.2953,13.0934522,18.82895758
2018/12/14,10.583,24.22875282,1.2913,12.9293104,18.57903161
2018/12/21,10.287,20.72995668,1.2657,11.61185074,16.17090371
2018/12/28,10.2273,20.09825275,1.2584,11.30073292,15.69949283
2019/1/4,10.2912,20.86710973,1.2662,11.76625146,16.3166806
2019/1/11,10.4314,22.55475837,1.2835,12.7588808,17.65681959
2019/1/18,10.6642,25.485663,1.3121,14.47136095,19.97851198
2019/1/25,10.74,26.50245508,1.3214,15.09639995,20.79942752
2019/2/1,10.9508,29.37018922,1.3474,16.82257923,23.09638423
2019/2/15,11.1495,32.19610438,1.3711,18.5004021,25.34825324
2019/2/22,11.6524,39.74826462,1.433,23.24631957,31.4972921
2019/3/1,12.4113,51.80646286,1.5265,31.50607422,41.65626854
2019/3/8,12.0663,46.27512629,1.4839,27.62509053,36.95010841
2019/3/15,12.2413,49.0847421,1.5078,29.81801373,39.45137792
2019/3/22,12.4986,53.21949135,1.5338,32.28454557,42.75201846
2019/3/29,12.6525,55.67745994,1.525,31.46977977,43.57361985
2019/4/4,13.2681,65.21896442,1.585,37.37082401,51.29489421
2019/4/12,13.007,61.22645408,1.5552,34.41513102,47.82079255
2019/4/19,13.4576,67.98113259,1.6027,39.21109166,53.59611213
2019/4/26,12.6081,54.87768613,1.5043,29.58159351,42.22963982
2019/4/30,12.542,53.80953125,1.4731,26.79150725,40.30051925
2019/5/10,11.9754,44.65196545,1.4037,21.07723311,32.86459928
2019/5/17,11.7437,40.96463136,1.3768,19.09978165,30.0322065
2019/5/24,11.6407,39.35466008,1.3664,18.39603726,28.87534867
2019/5/31,11.7524,41.12594689,1.3822,19.58885193,30.35739941
2019/6/6,11.6011,38.75496495,1.3682,18.61266484,28.68381489
2019/6/14,11.8112,42.08648212,1.3964,20.75011207,31.4182971
2019/6/21,12.4874,53.05664306,1.4938,29.01926198,41.03795252
2019/6/28,12.441,52.29833045,1.4934,29.00862986,40.65348015
2019/7/5,12.6187,55.18383057,1.5212,31.64120668,43.41251863
2019/7/12,12.331,50.49067512,1.4988,29.55261722,40.02164617
2019/7/19,12.3236,50.36908919,1.5005,29.73576738,40.05242829
2019/7/26,12.466,52.69903523,1.5203,31.63140707,42.16522115
2019/8/2,12.1169,46.97720309,1.4789,27.79710478,37.38715393
2019/8/9,11.764,41.25675386,1.4372,24.18532895,32.7210414
2019/8/16,11.8429,42.53542743,1.4546,25.70752639,34.12147691
2019/8/23,12.081,46.41989896,1.487,28.63583514,37.52786705
2019/8/30,11.862,42.8521819,1.4692,27.04935683,34.95076936
2019/9/6,12.2677,49.50697655,1.513,31.13037338,40.31867497
2019/9/12,12.3501,50.86678911,1.5232,32.13414117,41.50046514
2019/9/20,12.2503,49.21786589,1.511,30.98129319,40.09957954
2019/9/27,12.0076,45.21797119,1.482,28.28961179,36.75379149
2019/9/30,11.9016,43.48662589,1.4689,27.12751626,35.30707107
2019/10/11,12.1976,48.36784462,1.5092,30.89396373,39.63090418
2019/10/18,12.0863,46.5278831,1.4939,29.46897894,37.99843102
2019/10/25,12.111,46.94005249,1.501,30.16199448,38.55102348
2019/11/1,11.9876,44.9037695,1.4438,25.00082755,34.95229852
2019/11/8,12.0374,45.73155281,1.4498,25.5538042,35.64267851
2019/11/15,11.7471,40.97325802,1.4147,22.61367274,31.79346538
2019/11/22,11.6747,39.81148624,1.4061,21.95172635,30.88160629
2019/11/29,11.6318,39.13177469,1.4005,21.54046002,30.33611736
2019/12/6,11.7908,41.7203769,1.4196,23.13080107,32.42558898
2019/12/13,12.0092,45.32938051,1.4457,25.38793056,35.35865554
2019/12/20,12.2898,50.01779035,1.4858,29.04498536,39.53138786
2019/12/27,12.2892,50.00772442,1.4856,29.0509934,39.52935891
2020/1/3,12.6236,55.59493949,1.526,32.96578817,44.28036383
2020/1/10,12.6238,55.59261367,1.526,32.98479129,44.28870248
2020/1/17,12.552,54.39051443,1.5173,32.14641571,43.26846507
2020/1/23,12.1642,47.87581931,1.4704,27.71218117,37.79400024
2020/2/7,11.7777,41.43924308,1.4231,23.57297224,32.50610766
2020/2/14,11.9921,45.00600395,1.4488,25.82841107,35.41720751
2020/2/21,12.4705,53.06190281,1.5007,30.66158956,41.86174619
2020/2/28,11.8305,42.30770968,1.4256,23.85933858,33.08352413
2020/3/6,12.3697,51.37676635,1.4906,29.7566708,40.56671858
2020/3/13,11.7347,40.72224164,1.4131,22.85733797,31.7897898
2020/3/20,11.084,30.48715692,1.3336,16.83728211,23.66221952
2020/3/27,11.1891,32.08891242,1.349,17.96869575,25.02880409
2020/4/3,11.0729,30.3623519,1.3295,16.64172494,23.50203842
,,,,,
数据来源于：理杏仁网站(lixinger.com),,,,,
